Financial_Year,Exports_USD_m,Imports_USD_m,Total_Trade_USD_m,Trade_Balance_USD_m,Import_Share_%,YoY_Trade_Growth_%
2014-15,2097.01,4249.22,6346.2300000000005,-2152.21,66.95660258137508,
2015-16,1587.81,4584.98,6172.789999999999,-2997.1699999999996,74.27727170371907,-2.7329611438602353
2016-17,1937.06,5552.3,7489.360000000001,-3615.2400000000002,74.13584071269106,21.328605055412574
2017-18,2113.39,8573.46,10686.849999999999,-6460.07,80.22438791599022,42.69376822585638
2018-19,2389.47,5840.44,8229.91,-3450.97,70.96602514486793,-22.990310521809505
2019-20,3017.67,7093.01,10110.68,-4075.34,70.1536395178168,22.852862303475984
2020-21,2655.52,5485.75,8141.27,-2830.23,67.38199322710092,-19.478511831053893
2021-22,3254.68,9869.99,13124.67,-6615.3099999999995,75.20181459800513,61.2115800114724
2022-23,3146.95,46212.71,49359.659999999996,-43065.76,93.62444960115204,276.08305580254586
2023-24,8522.61,61159.17,69681.78,-52636.56,87.76924183050433,41.17151536295024
2024-25,4881.3,63811.44,68692.74,-58930.14,92.89400888652861,-1.4193667268545576
